review,sentiment
brilliant review referact troup illvirusgo backmere taleggirl brokeexcel deadpan humordelight yeahhadntwhi makeblood sampl antidotsunk pointbro tossupper storey jessattack phantom botoxfunni suddenliwell without reallitrue intellig waycredit luciothing jump scaretrain wreck surprishelp compar talehot messkinda expect touchwithin 90 secondvisual effect would,positive
thi big petdunk toiletclose friend cowork22 year historistuff includ 1951hill cabin feversupremesanoth recyclonthi wasntaudienc want grabmason quitread hemingwayalong sibl ideasilver asham,positive
becom nauseat shockels ambitifine show justwelanyth happen whicould someon almostmaverick half evenreport consid dullnoth vaughn goodfalsehood regular clockworkactor die yearforgett shame becaus,positive
disappoint veri beginscript ha admirfilm togeth pearlperform minor role19th centuri filmmakever seen asidrapist haset start thinkachiev honorlearn littl treesearch jewelpure crap muchfit scoobydoo cartoonlegal eagl havanaha charact tossaway suspens plotwork import maintainreceiv critic panfranoi grow leavheroin someth alongconvert porschbefor say capichshinji mustntthemselv exploitpush answer idlittl impact comesuspect husband triwell stori get,positive
mike enslinbring slashergay enoughpolic bothergrudg basic toldreview weekpoint lack humorsake kind schoolnormal lancformat chang seribecaus displeasurupon save revertwatchabl person moviid call dysfunctionalmorvernromanticcomedi genr usual,positive
even seen deaththink scientif possibldollar money wagiven best shotwithout gratuit sexhonestli wokeperfect word wayearlier briefli becomterribl wa alreadimovi ultralightweight fluffwell mad scientistwar friend territhink cast largoshop crime scenehowev develop muchmake senseth dialogurather die lowersalman madhuribelt bracetrashbut film trashstunt racer stock,positive
four mainlijudg movi awesombudgetpleasaswellcom guysupergun without approvbig disappoint fellowpeopl search hione consid sureclear second partwant bear mindim alway realyet hope goodget excit hinewspap cut hi,positive
leachman hopebattl rot corpstimestick tremor goodseem exist eithertypic artmovithi lowestrrespons evoktrotter still completdont watch wishannoy alwayson handwrong far holerais exampl questiongoe field dreamwendi shinapart featur verialan annoyscreenwrit good ideafamili come visitgo bore throughoutelement strip awayone becaus lookzombi coverartsi complex well,positive
earlier movi tolduncl leader expeditfact injur policemanpickpocket1997 pickpocket takeworst homevideo acthead back apartveri bright thinksexapp easiliincred onesid zoeyclip threealso hurt extremstar claudia jenabov respect intendcharact plastic didntincreas informreal fake tattoogore scenesmariodescend toecurldocumentaryther lot shotthird time badreview film foundearli film gonenonheterosexu overton,positive
redgrav quit goodmuch work solutdomesticsfor reasonparti peopl stuckanswer seem fontidiot like directorread articl unknownmayor chancforgot give anifirst movi wayday either hbohit eject nextpale imit wainstitutionsin 1990analyt approachscott nonstop angsttime realli feelcrawl along floormei problem ruinclueless thi daydie hard straightpeopl alway dangergirl 20submit hideou outthersay wife awlife 19834 tilluse bit famoumcdonald gave rolethi definit offic,positive
real revel broughtaunt becaus idiocifamili theyr cannibresult would totalfrivil howev kidintern big guystruck hammerimagin art classsheriff sinistspineless tormentyork strip steakdarker sickwomen get impalflamboy world wrestlpossibl adapttediou filmatlethin doesntsequel stapl cinemastar channel backquickerthihorribl terribl repulsgo crazi iowasadomasochist thrillerchildhood delinqu,positive
sinc 1999 breakoutsilver ward authorfratboy fraca completclub crazemove toward headachtell carlimadsen suffer thomaunfunni suppossolidar moment sweetchick blondclassic film wouldunderwearth stori unfoldbad posturtogeth postproduct finalpace slashertrap insid smokecinema stuckembrac col jamedone bettersom mightscarier heck eventhoma dicken cgijaperiexpress onc durearous filmsoon near tearthi sinist plotdullasmud charact becaus,positive
saysth nextsharma terriblmade tv dramaithi film contradictlook though attendserious insultcertainli vampircommand jetstrong hold animayb abov voicclose behindth australianss rockbottom cheapirvin doesntquest turndiplomat david huxleyyoungest child manipulnowaday wear thincage spew linemake thi rentalthingand even,positive
design heartless successorairplan plenti footagtimebut definit wastworth list movianswer actual seendeliv uppercutmother ohcolor dearkuzco love interestmorplot epic likelittl gay polemshakespear reput world,positive
time spring breakwhatev current threatwhatgot togeth makelee break prisonsuddenli shove halfversatil underr hitalk hoarsgraphic cruelti tensladi categorithi god evendescrib youlllittlefurrifirst hitler,positive
sean conneri leagurain forest whereabestial necrophilia castratlone ranger uswa stereotyp swearnumberand whipbest view homeshot director thinkmean banal movithi shutcreativ vision unablshock traumatisalright especialien giant nancithi conflict wouldgo thi matterzoey 101 wa,positive
ere insultapproxim shirley examplplot run farwould cinematographisee fantasiesfunni situatbecaus jiah wajohnson bareinstead onlin gamespatswearcinema thi personifisara haimpress children adoptbutterfli bad musicbecaus film manibelt upsid thiboredom much wifepeopl shot dismembgiven isnt muchone femal werewolf,positive
problem approachsilent film hourplace final catherinkeep dark secretstranger end starnews dischargworth 010like night demontepid shootfar attract thingmuch expect vinc60 jivequot enidleast set hydraulgreat lousimean jack0 laughablsight glamor frenchowner mayinexplic writer appearcow bedaproblem offset becausmani sequel girlomen adopt parentplay captain nolan,positive
boneless worm eatenlevel lack goreknow barneyreceiv uncannifilm thi sloppiforc sex brotherclearto avoid fallwrote bob woodwardalfirst alien alienbad someth biggergraduat move californiabull rider returnluck suddenli findwalk 15 minutbomb supposrather flat wastephani realliprincip protagonisttheyr well verilove turn happiheart soul feltpeopl world doesntfriday role tomrural set supposedli,positive
front porch processone sequel insteadrecogn realitiwasnt tunelessherd wareleast choicthriller togeth alonggoe like seenshootout main streetteenag neighbor triimpress make memoraw real tipoffdeep red corridoraw movi powercareer movi toughdonwhat waststorylin hauntedhous typething contextversexcept note supposbox say hopperannoy saw,positive
abov mention dialogend smileyfacsancho searchglissandodidnt run fastwithin day fivebabysit cours despitrender less gracesnarl lowermexico giveawhil pullregard custom creatowni show falldont realiz slapstickstori andersen fictiondoe mandi hypnotmindless banterenorm ratewild west 70energi music portrayplant anim twotell shempwayn statickapadia entirtodayheard lot goodtwice deja vuthing cannot singbs ha,positive
era fantasiwa thi tradecartooni supervillianmen like poetrihairi inarticulromero expertislead billi lotell soon computwa tacki useplay joanncaptain cours affairbatman worsbeginnig start wellgod forbid convertad anyth storiset good setwhite pancak looksee rick hihumor hadntsure fastwelcom bright spothollywood classic openairseen one pleascould tell demornaygreat carreymodern viewer especiamerican rio symbolmovi cassavetwax lyric thitheresa bestul,positive
pass auditbless maniac actualsoundlastlythey made robinwithout crush commentactor give nothnotabl one factoveral barbershop backgd bushwatch michael douglasale peopl restfilm plumbslave fort peopl,positive
rod plankelli mean comesteal show tashanlater bad resultcamera frequent goeenjoy flick badwallpap berni caseytalent agent noveltithi odd documentaritrailer nonerest film worldsound edit amazingliobvious fiction mani,positive
kill put comarecord exist erasguid tour careextern locat usesee place songdidnt northangaustralian uttermani time laughablwa dayglo zombifilm like leagupumbaa knew shedseem struck muchreminisc abov threeweakand littlportray teacher principreal lifemiforward buttonespecimovi go miniseribeer equaljob deputi investighulkster ring seekermove discov offspr,positive
financi provid collegpictur swill drewbad thing seenslowli pace littlmirror hodgepodgwa horribl scenetv documentari sortfilm suffer unevenbudget bagus televisionsorthomophob main charactjoke norwegian,positive
feel fashion carapach herotv radio stationlie truliguardian kind moroninterest happen thigirl seem writerfoxx hudson earliersend veridiner bixfun sideheist doesnt addgraffiti friendship oneevok sympathi plighthold liveprinc adamgambl gangstermoney ahhi friend realliseem bidimension photographieffort probabl hatesuppos put usbore hi remarkunentertain craphowev hunger bloodundermin sexual liberblockbust main focu,positive
determin ever proveright girl nextmember emmanuel vaugierreturn home christmaaccidente carawar thi mayawfulnessi dontgore ugli maskconnect sequeltheater feel badregrett tameinadvert expos cardwatch backtracknauseat camera anglsemital comedianetca goodupseti wanna stickworld showsth filmcreatur bunchguess understoodineffect slight interestdie father harrilinda togethintoler amateurish expecttabl need putamongst anim humanbelong 1941magician bert ernisong creat wwfone even limit,positive
box even thoughpalett ye crappitown lillith frankmake easier castcave sealmean worst somethtalk coldheart neweffect push boundriperhap write selfimporthughesanglad madhi acceleralreadi seem severfar away funniviewth usual wackithough ha surprisinglifemal one ledcomplex happigirl get hittrap space knowthing bitter endfunni doesnt perhap,positive
fake coincidsupposedli vacatsuspens mysteri bonegori lowveit vinc lookmasturb getmake navi peasequel casa ghosthousvat liquidshow wa decentold magazin onliunfortun produc dontharmlessnot memorlike also trendfelt megabuck couldactor holm evenclass itand sureactor role alienpoor european stealrate total suckshow clearli current,positive
alon decidtheater hollywood movientertain reachimdbcom feel compelcultur bearkramer idea makelive grade schlocklike orsen welllocat complet devoidnihil violenchide jewel couldperhap miss somethingimbar streamsecond titl rolereleas two diminutwar high techad shock subjectlook dont touchreason end thiirish cinema nearendthi kind cinematdifficult spark shineferoci beastyoung wouldb lovershow way thirdbudgetedin shortfight awesom,positive
away origin harose turn wanowher directoreven make wantfunniest men ivesoon amaz gracecgi program producmilitari flawcharact talk hamwa movi seemunsatisfi movi wevehalf decad roughli,positive
onc forcrobotboy exceptcome invitfilm wa ruinclarif hicorrectli bit fuzziplausibl slightestworm bookart direct onlisylvestra lahalf movi meticuldull reggacopperfield mainalpha video dvdgo thi hacame like carnosaureither depressdeaf guesssaid disappoint movireal differ produc,positive
embarrass themselv stevendame haspeak sexilahr courag numbertri thrillersaid wit onemakingof traileressendon clearliinclud splatteri neckwant mug santatim examplsocial ecolog wacheri aroundgener rank hibad weak storicompani friend relatgun cathart34 oftencave start dieonli tri ridecharact lisa zanemichael addictyup sure,positive
rise leastline remind moviscript first failcame egypt hugeepisod everfouranalysi dontinfam nonfunct barreldevelop see olivhimselfth cripplok corrali watchword inspir usebore renov partbunch annoy loudmouthcamera record manibigfoot remainrather care advertisingdriven,positive
promis appearani money spentfight letter lateract even lowcamera senswa sens brutalracial humor hiabandon corridorsinc intend herogot hand oneexpect soon startinterest one takencute juliaonli becom betterthi 5barnaclslaughter hous talkador counterculturcould forget classiccommerci messagyear storylincom buststart let save,positive
oblix laughmuddl clich charactrecip unsuspect audiencanyway exemplifi clichyarn hero worthimalkin paddock cutknown charg woundwhi ugliapt advic maniarmi fatigu jacketwithappar cometreliant fwordrazorblmcvaylena headlyint strangitpet cushempti wast twothin whiespeci doll startmovi must knowperform salman ajayclown sing nurserigun cours enemirate poorli donecall whore debatlaugh everi jokepsycho unhealthistrang ghost,positive
wa hope depthcover 2hour movisane resid watchone also vaticanlike freshmanteeth waiterident african americaneven thriller funimdb say commenttub water remembsound listen anytimrein korman waydont think imposspretti obnoxiseem drag forevstori tell adtroy arrow anklinterest action charactactor physic performcreepiest sht imaginvoic laugh pumpkinsure male charactbecaus left prettilittl outing plummetsplice parsif gurnemanzmuch film max,positive
undercut actiongothic vampir tritedescent poorli madehistori time taospinoff terriblwork worst kindempathi anyon especifilm fight wayyouv look dvdactual premier thitake ani interestswoon likebullock charact filminterest comment reactionquentin crisp lifewa la rupturwithhold leak informhk shaolin soccerstraightfac terribl movihelpless role thitwogallon draino himif,positive
anl3 first twohero confront loopititil anyonidiot teenag smokego near movibrother awkward guysinger princ eziocigarett profession dancerokay ive trifact certificatch thi tvbad courtship firemanfrustrat twopatton glimpslahr dressmeanwhil realminda motherinclud phantom monstercredit creativ lightthi turkey advicbogu english countrysidhill eye considerenough adopt thirdworldtwist historact paula seemactor mouth movicharg imaginari personhorror movi mindsadler charact much,positive
shi nervou psychicdinnertheatr cartoontogeth utterli terribletherstewart adopt newsstrongest suspicionaudaci hesit usekitti kowalski actualknow care anythwa truli boringthlike hemingway lotausten shouldnt claimgirl also wantmovi seriou genreflickvacationinremain fifththi process supposdelight sessionside armageddon evenentir begin movinew phenomena wathing girlfriend thoughrepetitiveif,positive
variou instrument overalinstead fright evenreflect crappimovi misusreunion unawar showone mani incohertomei slumget know bityouv gotta cleangiannini fantasi sceneway thi cgifade streisand lyriccombin ghost beyondequat vampir loserschlep couldntcombin seriou dramalove wandertype role dewickham glosscordelia wapeopl look 310captor william,positive
sens entertain anigross inferior predecessorrodriguezdesperado sortviolenc perform pureneither effect chillclich corni plotstar abl hangfail well womanboll intentcours one colleagucinema bejohnone mess doublanoth put showworn princessever ever rightlive hi youngerpseudoasian ritual maybmentioningcult poorident spain nationshin twin girl,positive
k9 doesnt existstrike oneahem onememoir internrecal lostgay men sincscene blaseplay one sistersubdu paulback twilight dureprivat idaho gosayim oneattend noam speakcredibl finalnooooall say concernknow expect stevetype tone neverbright vivid housgood look lord3000i,positive
ani ordinari baressenti trainor trisunday1tongu go figurgood end leasttast actual closefront themth plotsee posit commentgolden appl everitesstraci griffithhelpking execut particularlihouston elevcia need backgroundfall cantworthwhil part endthough poppagonna scaryat leastpass see moviunbeliev aw daddifan kiefer79the,positive
forc without aniresearch valuableditionanywaythi version sleepawayhi chilli detacheffortif irv thalbergfilm racism anythsteal cloth fillsleazi let takestart black guyfind sensibl touchghost imtoday hard imaginsosocomnick phillip leftfunniest thing mraovichjoe coolcome show alwayparad first,positive
van dien shamelook palm durealcohol pepper heroinflashback teledrama madeberlin fire brigadweird spell likesister back getway freak servantovercom appear numerthought darkwolf waerica emotaw express screamhorribl written planimmedi stopsee naomi getshock realiz wholeha rewatchexcel exampl disastpotenti fall lovegoe wrong theyrwell unfortun thugprimetim minut dumbstrucksport surfer throwuse new friendprocess probabl looksentenc summergroupi scott fitzgeraldovershadow everyon elsejohnbelief killknot land found,positive
movi unless animoveral exercis lookneglig resultway everyon showmind jokeoffer handhomeworkhundr thousand peoplesoleav dmnjournalist jutta rabefiller stori linescare viewer wagrinch whether dialogupoint world newspapchelan simmon dylansoldier clothleft real actionholm caughtunivers unfortun alsoclip also seemthi admonitderang nymphgirldanger figur hireimprov bergmanquestion movi dontmade everyth itactbrandner novelcentr vendettamovi unfortun tri,positive
knowledg let fallbanter thistar thi abysmwoman bless thipoitier fbi agentlameeeenecessari resourc pullstone reprehensgein stevenbad funni laughheat couldnt helpinstead cave scariwhi charl wantoften reckless hisinger arent halftill blindago joke realliffind mr kurtzrather seek intelliggit yer hoovextrem awfulth direct,positive
king good morndirector costa carayiannitomorrow mayconsist film strongoper doesnt trustview human beyondidiot bfilmlovedramaqualiti one teenihorizon old classiclike anthropomorph r2d2itpurist though evenalso relationshipbig,positive
plain aw hihumor either couldntladi theyv seenzeenat harecogn morganeven good stillfact richbill hick rainbowmansfield park seemhi stint surrealwa littl flirtatinonfloatthi alaanni push,positive
peter jackson realliwa subtl touchryan reynold lotmarti weiss usewatch onli disappointsomeon dream movisort broughtalmost immedi causgive artist licenshi shirt revealcolour field wheatmuch worst seribritish crime bossfoe naylandmuddl dahmer gotstupid becaus explangulshan prem chopradischarg stage excitrefer regardmemori hardliopportun hollywoodoverus place good,positive
show breakdanc skillask straighttovideo movicollaps gohogwash cpusa wapresent gospel truthhillbilli anothhey grindhous showpartyth onli24 westproduct thi screenplayattend airplan askpro first 20ala got worsway know partsex nuditi beginyear real shamewhathistori bad guyamerican distributcrew arentfilmther wasnt plotscriptrefer teen slasherbad instanc totalcg effect bodiwesternstyl shootout,positive
face optionfull well whiposit end leastodd minut despitsobaditsgood typeselfstand filmdrop beyondaw thi poorprepar food manistorylin ludicr thingbook somethinganywaytogeth trigodzilla alsotalk seriouthi anoth bgradeprime execut chargsuspend disbelief storipick along wayumpteenth nonsensgirl scare deathmake best coatcharact stop midreadi capit shifteverytim onebest buncha horrorhey olsen movi,positive
log cabin lakepyramid perfectritter yasbeck wardennominationoveral considha ident whatsoeverioffthi italianemot come greatunsteadi even staticquiver cell nothmandark dookipush back ivehorror clich catessenti carboncoupl bath creekchildren homeworktheater hope gainsay also person,positive
tribul whiney officcarri weapon didntlast yearthnew comer femalblue cinematographiwork blaxploit canonlike masterpiec comparfun air phonirespond one absorbevil humanoidcome take awayrecommend novelti playgame take anothloser got tedioutom neal etcmani place hugediscov invis testgarag deskclose music standardfake water gushdaythough tgwwt obvioussalman play,positive
demon movi firstmay stop rentwhether money notelowbrow turkeyact sink thiive seenno plotprop noticbad nostril pickerhappen doesnt bitesitcom yeahspoiler omit accordgopal varma credit30 year koreanunless made situatinterest minerline snoozfilm wa nervouflippin awfuli want,positive
bed deserv thoughdiscoveri im irwingo hi earlilead 3531 kicksarn wa alsolesser mortal 510jt bigga figgachupacabra incred badmust larrijail know wherekarmenknown leaffireon tale oldmarivaudag mira sorvinosyndrom sometimslightli dull creationfill milkfact obviou solipsistestablish shot evildramat put top,positive
poorlywritten attemptstori insert steveair ohmeasli pyramiddramat kinddetach hi friendgood wa stephenbackdrop mexico cantinainsult disastchronic case teakid blame fatherugli mask genrfrenet love bringmovi incred disappointalso horror secondisnt charactermovi review trancerunbeliev stretch thinksupport america decisloyalti romant lovecase aip crifull commandskill roll eyesmordeathrac 2000,positive
miracul solveleanora readi goinsuffer thicafeteriath tediou monologumari charact viewershot repeat pointripoff monsterdecapit sell headwinthrop putnam oldergot countri want,positive
fail ultimnovellawithaccent miss symbolstori fail attemptthi bomb longgirl work fathertrust probabl thankbasic promot johnpalanc get borewear combat bootadmir act jobsucce degre courssuper hi dontsens main badcaus wa liewa dream shamethough right horrorrais one interestbog ani onebackhand gem flick,positive
cop alli gettri go lifemuddl certainlisobieski stillwatcher low budgetfriesland netherlandreport start hankeveryon ha givenghost ye wabear manbear stay,positive
sneak space coloniseuss successstaffer daviddure struggl staychocol find someongener ripoffstation anywheritalian schlockbelli danc skimpiharder evaninform statement lucifbaxley dpratmonst hybrid thingitwheeler seat nexttop also seenteeth eyedirector photographi isntinvolv project chosewit romero hi,positive
let forget tearsuperman returnsclarkson travel cappadociaprevent peacei camebenni hill hidrawn doubtimagin peopl wentpar superhero moviita wastshow made timedecis play alonglaughabl main charactever seen locatvideo earli projectmayb funni see,positive
wrestl realmusic funni scenewife come okaycorni unfunni1900 peopl wouldbrothel chibapollut late nightfarmer alwayfutur galaxisong suspectgein kanedevereux technicmuch oprahgori lord deadsurreal livegirl doe anifilmneha dhupiapass intellectucamp husband becom,positive
entertain way onliwa becaus ridiculexplain ie relationshipkeep rivet amazingliremain caricatur angryfrustrateddistantuncommuncolleagu goenovel gentri classmillion year shootweakstal tiredemon motorcyclehavcriss cross haeven operanoth mayb imwont nauseatweird religiongodha end wouldwonder whi saifexperi get ripgumption tookhilar compass etc,positive
mutant ridiculfilmpip laurimovi direct lotsomehow becam verionli coupl tendonli half boditelephon otherwisgener may thinkgo earth eatentertainingttfnhigh writebefor care wouldbecam equat seriouattack masochismmostscare dialogu composfour survivor eventeven meditedit saw boomcocainesnif tinseltowndescript dont seesupermodel processhavent seen 1983,positive
line improb situatassum meanisland help lunkheadsee protofinecho synapsquestion becaus filmhoward duckdontrealityshow mrblood numberbigelow male gigolowa singl horriblhole hi chestsndenstrongest three directactionbiggest problemisnt true iveworth see didntannoy hi bumblfigur suppos profront undiscernchase sarandon hionli remot worthwhilwork arti hopehi book filmslash everyonstay upstair talklaugh oni endpanabak actual,positive
see japanes ghostintrigu disappoint wahear somebodi sayread describdrug vieweraccid scene includsay someth closereptil suit almostnew anim filmact amidstreleas 70 goodreverand shadebetter darkerplu american scenelook im artistmacadam ha tonguexcept sex scenemoment later blood,positive
englund funexpugilist fall weirdpimp drivinadequ summaris terribljame stewart restridicul even enoughsit kathsegment suppos showusual typecast waproport sexi comedius potenti villainposit went tyloatbloodi butcher knifeworth see thinkplace american oldnagel thiupdat 1850 1970director commentari actualanyway back point,positive
agre total anothaccent coupl problemcelluloidth edit elinspir wa lookthought thi critiqualso larami portrayfulfil ani conventaka dead80 flick showwaterston langlimit tridancer kidnap abustitl houshell kay waydog awesom reekwa ever responsmonk boat chase,positive
thi marriag cantwa use heranywaypatienc ideanatasha wagner particulargermani nearliaround otherwis uselesssing titl rolenoth new everythbig confront homesteadmani sure seenignor rage discerninund maniheight say audicocktail straw stupidback scienc fictionthrill creak thicharact treatment stanleyenjoy audienc johnnihilari examin humanpeac diebegin classplay coyincred bore watchhit yet wellgruesom happenpossibl patient heaviactor excel filmseem hi problemani levelth jail,positive
leav codi holdstreisand year getnineteenthcenturi english novelistflick predestincri wolf 10obviou tailorsilli often happengotta lamedoor know gonnacouldnt even synchronkiva wellnolt look,positive
crap wa screenunaccept unappreci superficibehind hi recentattack hi compoundlift twoplesa even watchduncan excit tireaverag mean standardsalvag thi shallowgrand climaxlost idaprelat groupgrandson pancha garcadisabl thi seemcar fedora waistcoatmovi remaind eithercar search takedoll look one,positive
afraid becom blindsuspens thing bettereleph anyon wantearli dream sequencwast fractionfilm giovanniunderwear caughtveri difficult empathperson obviousbecaus hi martialhappen director thisix mayb peopleincludtalent even inclinregrett becaus macleanformit still numbinglihyster lookbarbecu bestridicul bagmanwa teach classthes,positive
precod kay roleseen thi gottaeffort might worstone liner recitpoorli act startok hurtcours musicalsbut savestyle procurherei wouldwant actual spoildorki herosound effect poorlicheck hartmateri modern classicwa done hourreason face behindstier kathleen,positive
stair couldmarket go sellnavi songneed bulldozlet bitter keepsmoke agent frasierway avoid likeenviron sunilfountain dietrue danger thing,positive
make consid extensjerri lewi indiansimpli case secondlibabi girl sisterbedazzl reason alonha becaus refusmusicalandbasic theme halperinbunch stick lowcredibl think survivfeatherston might onedisjoint enough appearperson area waaldrin anoth problempout lookmain problem ceremoninice inquisitknow expect mickeywont veri goodmayb got drunkwell regardless distancbene seem simplihold vicepresidspecial effect werentthlot profan drake,positive
thi review averaghi cockili mannerfingerswhat truli sadhour deathb deadliend within cavernswing axe terriblmoviewatch eternunwrap packagweaknotsuitabl sterilfirst flicop would enterhi debut fallwa left sadligruesom makeup effectveri funni imtortur agonbase lovecraft storicome end gosquar heavyhand,positive
prefer sourceven broad daylightbogart didnt playgood lot mediocrdespit stumbleven decent afterschoolfavour writeincred trite lineprop ok 90psychiatr hospit staffgroup assassinsnow subtractonli plot thinweight problemwast timei didalweta creation semicomheard glassedwin marinwell act probablreal caractorsee peopl cutappear visit marinhit honest film,positive
alon followomega code seridoesnt want sellassoci extrempresent littl onestation must saylike rush hourwoman drive wraparoundbarrag contradictwa subject thicould bare satisfibecaus wonder peoplline case actwonder cast hell,positive
babe aregeorg seymourpeek case reallihollywood alltim worstpoint boy talktalentless directorthiway passion lovewonder conceptlater would callmani clumsi culturbore retard annoymight go publictheater wa grotesqucap pretendsymbol lagdonattack camera cranesee quicksilv nodwasnt valeri bertinellipeopl lot timebecaus know hicharact one blackstraight boy smackproblem slandertown steal kissha play elderepisod wa watch,positive
joke bull realliwent typicrather point wtfisnt someth wasurfacethibeg hardlast minut arrang45 minut letphone callerbutmcshane direct fluffimurray melvinhors tritrap yard trimovi highli derivright face onedead dull excitcaution obviousanyway soon advicgriffith part iiihi notorieti becausthi site felttruli tickledintell spaceshiplik thingwin pointsthi movibook guy simpsondescent stori wathi alway enjoymodel actual thingcant compens realli,positive
like ann brontbad cohersee funni thirobust quickthinkled confus timefilm first somethmedic servic renderinstead cancunhook totaldahmer movi,positive
sens set waperhap tri handfriend infrequobviou hard believspank hi fatherextend shot unevconcentr entertainlewi sean youngamerica prohibitseagal work mostlihip awesom locathead shoeline hilari jokekeep theori acknowledggoofbal ennio morricongag elevone incoher unscaribecom food crazeanyhow would thinkbefriend imaginari girltalent never hadirector somewher challengwould go mindwould like plotfiction asidmovi sci fiillvietnam caus,positive
blond boy littlrang rest castlaugh rewind twiceepp bankbase relforget quit quickliwa ridiculousth firstless fussknife cant anythwould work wonderjackson death someonbusi old mangore violenc disappointprofessor get slicefound cheesi delightfamili actual diedecad younger supposvs tito santanajydsimpli say gostudio exec neverguy ha snailmovi pest vargacloset pursu womanhi environ wordsilli sinner prayeralien givenart historian,positive
much thought behindfunni mani charactsorri syfi shifafalack charact intelligpunk zombi onlimislead movi groupend world 1977mediacorp raintre singaporeanleft inherit decidfranklin filmnation year backoverdon storylinfine actor effortlandon reallifilm tubbbetter choos imclever end sorthelp outimargueriteelizabeth arlenwho hafilm seen realizwa youd think,positive
hear thing lifeact goodnessit beginlowdown may stopalso behind braindeadpoint thi sequencaverag horror flickgroup friend archetypsuspens marathonfilm uniqu awsecondari whatevgeneralin sum,positive
silli stumbl alongjess writerwent owner ownercampi stock footagfriend louann anothfilmmak unfortun endcenobit dogirrit faridaawkward misplac quotisland scoobydooaccord two smallschoolactlong atmospher shortbefor even leftinterest somewhat peakminutesth movi hapantoliano nypd,positive
predictionsthalthough wa mostlimake gsector alienanyth specialprobwayanyhow aiden gillenblockbust day poseuse imag withoutunskil labor earncar parkth problemdemm long beforjame thomafriend veronica witchmovi music nothaccus producoffthi metro shortbad dialogu firstquit talent reallislightli better way,positive
girl suddenname pronounccar robberi editexist tenuou bestwelldon allhoweddi appearstruggl feeblihoodlum outsid betterdeal uprightwalkwell replac christiansurgeri gone wrongcring heavi sentimentcoalescestori leftw refugesummer munchi striketypic farromant stuffrender variouani youv seen,positive
whether rape explosget spitroast couplplump receivlook far fetchscript take noteonli veri mediocrfeaturesy mustblood male goatwa construct onethrow 4th,positive
man name filmimdb nearli exceptchristma holiday seasonrepeat tenfresh victim kennirocki start donebest unitemploy thi sylvestraamityvil horror legendwould bettertridure film reddont ani dialogucanva providsissi boyreader mani actualleav multiplex carmovi hi marriagregard openloupgar leap airhard work gym,positive
dure 35 secondboe advertisingpublwhatev timmi dadeven littl studioancestor angri sherpaactiv without purposchang dont askcrown hundra anothwa go atleastgo becaus readicomput cut veri5000 replac feeasmodeu actual catholwhatsoev someongrant specialpaul cavanaghbut lurkhadand doneani time traveltime wa creepjudg great peoplrealli honest shouldntdealer criminmichal pare,positive
sens sit watchset seri livegrown even whinilight like greatclayton charicaturishsometh mari leavfilm produc martelcartograph employ royalim assum sortdealt big bunchnubi deemphaswa parodi anothbad cuteblame suspici coplead wacki adventureven rememb scarithrow severexist politbig dissapoint likeworld prosper,positive
bizarr alien habitlike creepi peterturn whole messmr cowardthi mansononnormnoth mari jobworth effort wasntthemselv en massfraud wait nextsurpris writerinvolv charact believthi dudjason biggoper catchcontract moviuselessinept kidlove onli waymovi zombi 90anybodi sinc evenparticularli brilliant tablwood erothand say walion king wasntthhi serious aniinterest overal filmlame everi turn,positive
peopl teach littltruth stressexplain whi fairbreak one dumbestscene two scenicvoic wa seducpopular movi biggergordon put higoof ball everythdonner ideawreck reason watchday govindabait misogynistlength time wouldtime need stereotyprock presentgrow calf musclrememb today wouldmildli interest musicterror get loststring samurai likeshot best andalusianpsychiatrist stateimagin beauti flawovertheback center fieldinsan thi ultralowknow labor lawenjoy white chickproduc believ,positive
spoiler often hollywoodproperli careen anothdire diana lynnetc realli relicoscar nomin badfun responshour went beddont like oneway overusslowmot sepia colorpsalm 67 theyrgirl blous waold allen knockfilmin attempt realpublic tapedamn senserichintellig doesnt makeeveryon flinchesin midstaway brink moneyfound unbeliev mariblack annoy randomlirecreat thi remindflow protect domewa way policmonkey accident filmtotal nake noth,positive
voila clark kentwa daughter siridillman play scientistbest part mstearli stuff hamade movi crackterrifi dramadeliv secretforc think timeartist shi reclusfilm advis likewisnut sincexist much sophistsomewher question perfectmovi turn gaypanicked5thgarner cant creditfernando tong escapfilm bizarr bastardshelv onliempir ant stood,positive
baffl audienc thiflareup followstill show lotwrinkl perhap stillboot heaven gangirrit trackfilmmak endeavor kimbing rival10 stori didntinterest wa confushi artwher beginexist clinepurvi miliu keepadmiss watchrepeat view evenenviron musictimeless diedeclar thi irelandgq murder,positive
doctor reevtime see farline jetcrude juvenil stupidsay third manmr atoz hugesidekick kooki oldacross convinc writethrust across europgreet love onezealand didnt followambit bodeshow face believperhap basic choicill multiplhi next murderrehab said mention,negative
andi griffith meetpaint almost madeintern way adorstuck mess rightanticip greatliinfluenc hellrais plotantipodeansimilar least filmexampl potentiedit onli musicaddit thi hiterri gross nprchanc sinc basealmost timewhi thiromanian monasteripretti realisticy seeconneri brian keithlove small coalhappen dj steelinterview aloncharli kingilldefin turn humandownbeat portraitsometh stop runawayani fan bank,negative
type certain amountconstitut obscen directorpast live wellone fewif onlyfemalvideo releas sawadventur intrigustyle oksever award gripwarrant abovdylan thoma muchplot nonetheless amazconsid stapl everiselfconsci fullplay festiv rightanoth bynessnever lose fascindiffer happen comeequal unfaithargument hirko walkwaytrieseverythfatigu get spendchainsaw massacr laterhi tourdeforc danc,negative
religi imageri everdead bride takeget caught detainwould major charactsuperb fight scenedvd quit likefat cop coachprecis right timeleast plausibl doework hi 10film becom funnicame cinema hahi fishermenenjoyablethat realiz jackclever entertainingi wouldwriter director sebastiandaughter local innkeepfind thought tritematter cast feistiestrazor perfectmalkovich narratcoco iren cara,negative
convinc young princesslearnt lesson lessonsurgeon simplibad judg goodsort divid twoespeci lurk atmosphermonti python jameclaim never sawagainnevhurt three menfall hard novakamanda greystongive dialoguback tear yelightheart touchengrishokcontrolth film directpull career wellmale juvenil middleagcould go greatbuddi sergeant britishcombomovseem loos interestok onli gripegive pridecrap wa systemcontributor wa angermiss minut getdirect veteran henri,negative
play paulinharrow ride relishbrother inspiringlianyway onli hourhumor richwork class guysay likeabl hardtree also couldclassic becaus alastairexperiencesthiisland drillshowzen one nightsmartli allowpart amenbarthing come hellyardleyelizabeth lane journalist,negative
busi big citivisconti follow storisure could ledhawk himselfdontdocumentari fear investigalbert genuin guyfuner without depresssomeon scare alsospanishamerican war apparmodel dreamworld still waityourselffrom openmozart throughoutalso reveal governpoint comic sideseem rememb kangaroowa reluct goexcop italiantingwel effect reflectcertainli doe alsodemunn portray truliheight david spadeels indelook like boxer,negative
credit main actormurder lumumba belgianbodi desirappreci memphiincid hesitgive friendlidiffer contentjustclassic form clearlitale casino robberiyul brynner filmone one elizabethmickey hollidayandr danc realliperson typicspecial year laterawinfrey robconstantli waddl celestkeep mind daythi isnt standardidol nave usoricrash wevehi movi masterpiec,negative
gamecub versiondefinit convey thisocial critic slavojus know rightadequ coverdameconcubin realizglobe magicassist patrickie experiencefromwhichyouneverrecov sweetgood instead chooschees valujob great paysincer innoc charactpresent either primarilikabl smart makeregular hourli wagelargerthanlif blackbeard piratethpretti earth strugglesibreast impress usmckenzi eventuproduct minim allowplay mozart musicguess usual runwhite basic trialsuperdisturb total,negative
name sheeta fallleft fourthtypic vienna alsothrill male nuditialso sympathis warnerlot short runcourag completfairytal nightreal qmsone thingdecor banana republhead minermovi concentr threemathematiciansbonu materi dvd,negative
slavestanley howevmoor knew wantbring realiti kidmother 1881help get stuckwritten screenplay sergiohuman fault perspectmean say schoolthree reunit 35nice line drideviant fun75king carp jumpcertainli novelti oneflash desperfilm ever rolltheme tune alfrget crush glenbasebal sincperson good placecircumst mirai shidasombr donaldhitler relationship hianoth oppon hartgood chanc abc,negative
clip use bridepresenc ha effectpendullast centuri thinkzellweg dontwerent racistgrip documentarijoe receiv headscenesal threeknow thought beforleav ironasset truck lookkill suspect trihighland quicken sadliexceed expect considrodeo 4h competitmoment long halfwayalway justicbecom tediou avoidshock valu weirdeffort approach much,negative
afghanistan movedefin scene pixothi stay meetlike browbeaten husbandarch iron distancbrad wrightworth lose especibecom jackdurbin 14 contractcomplet northwesternlot actor hiserieshowev showsend troopyoung doesnt muchtale injusticwa 11yearfar better comparison,negative
ego intimidreminisc antiherothi ponti thatbertiintegr attorney thilucienn limit manrevel watchnoth unnecessarygoodcommun develop troublchose de la1995 starago knew legacistone stay scepticbeliev onli threatinstead sit watchrespect work wellact sweet demurespeci interest harridone cours sandrared skelton halifei must sayyoung one saysanddeath silhouettveri much complieverpres alcohol prospectruthless illumin artistamazingi recommend thikind honour japanestransport see uvlight,negative
mani view slightviewer timeframwellround enough jokesoldier replacbettermarkinstitut mandelawaterman allenexcel move storinumber product imaginforgotten accidentpaley centerprollif interestknow lost abyssslow somehow likejudg watch newsperri king acknowledg,negative
parker rumourpreviou 20scene johnni abandonstrong strang emotproport watch thicorpor avalon animoonrak threehelp thi worktower goodi attemptcarit alwayway show racistnotion erasmuonli aid onlisensit delic american,negative
work may unspecifiwound time hicenturi yet hardliclever intrigu oneinde veri heavicommentari director tomshapiro alsolearn forget pastfeel patricjoe terrif playbest friend luluspeak nonspeak singlwomen controversigive 1995 versionlikabl funnyi rentfraud puteduard fernandezvariou lawstereotyp careerhand love bikecant jump abovdelight period setpiec,negative
gave catwoman personus 16mmchalleng much hastewart thi betternephew randolphbore go downstairfaith withinwatch noth that7power keptgentlemen ladiaround teagrow tension knowback age,negative
succe bring realattract cast goodrole review pointdawn ohdeservingli expectformid find wishparticip find realtrain ye bigshape firefightim 52 probablbest perform heartafterlif concern befriendmere play madmickey helpdoe gross storihi person dayfather koichi alsodirect movi writelisbon locat ahscore think scoreshoethem exaggerwa scuttl 1935brilliant come acrossyarn understand today,negative
film especi rewardemphasi mildthdancehal illustr changtrack time machinpedicab driver considparticularli fight scenemotivatedth four sisterthought chase pyrotechnbeginsshallow graveafi consolbecom gruffgrandpa get hialso typic steven,negative
audienc mind plentinatali starspeakeasi custom charlgirl talk incredpart sandra lockcocki class superstartobwont without itnoabsolut thu possessroad runner represwant true feelpsycholog sens perhapwork fine printtimeseventu tape woremyrtl mucheffect cast francfire conflict movelike obscur artsimental rulesittrace develop magnumale runauthor jayveronika studentblack tan irishlike game golfvillag thingworld rather goodfinish without aniperfect loach,negative
wouldnt go hithi sendup horrormovi seen latework 1940blatant nudityhowev nonsenswanna like growhunt odyssey getflawsoftraffic sign cautiontruli leav edgfrawley touch ageactual pleasuremot intrigu instructterrorist themselvhi inhal popperpursu artist triumph18 year coveralmost melodramat quitchristian sect thigroup embark trekpart whole timewa modesti didntmani miyazawa storiessomtechnolog combin filmstuff true still,negative
come dont expectbetterfin1998 wa thinkcrash towardtime thi certaintitrinian hard saywould wordridicul realisleast alway riskicolumbo ask blythmight bother peoplpopularbut complainjob wallac gromitgojo thoughdavi masterdoe whatev mainheavyhand date performengagingli simpl tale,negative
sure need openadvoc couldhome worth seejohn schlesing tensteam world goearli unbalancbillyclubnice sitcomperl look likewoman everthereforera book followintroduct like moodseasonthi episod waturn list oneweird event befalhitler piazza veneziaaka annabel weenickreal man lotstill sharesomehow setwa dvd becausbodi carv newremind peopl lifethquit simpl deal,negative
big transact nextbaron dalmar castlamong veri topaesthet permeatactress perform examplarigood underli edgcavemen sneakoffa decent saturdaytongu one dontever made whiffalong hi longrecommend eight seasonthinkforbuy dinner sequencestil,negative
saw thi mindblowinglicoop remer squeakalmost collectshake plotplace look worldkind convers presentonc reveal martinoworksth movilubin themeincred movi gopatric knowl decidspielberg use similarneurobiolog provethemthi theme useha done wayintellig realistharm peopl claimfull fear hatehelp dalton tall,negative
themselv cloth carget rid majorgenr flood rightconcur fight themselvpublic notic videostorideal attach onepurveyor fantasi mavericklike recklessli manipulwent basic expectcont godfath playtheme thi episodmanipul greediaschenbach luggag lostzentropa hagoblin villain upcomcox newli divorcnarrat harrispot thing seemaltaira onlipeev doe anywayhistori see 350invis protect hifaith two twoalmost goodthi one,negative
societyonlipastim bodi modifinher danger becausview 910movi 1955 importcharact also speaklie bed oneface callou gesturgirl yet waycharact standout,negative
scene subplotlike perform aamirgive creep evencuba fighttestament origin qualitivelvet prime childhoodclaud saviourspecial effect roommatschwartzennegg stallonmesh beauti actordoe great successcandi girl enterworth hookextravaganza todaythi one,negative
live dreamsitsee blob killhate eventu810thi reviewusual american effortdailyinshow wasnt veriwell cooperhappen pacebecom famou soccernever cinematographi waimpress cinematographi waacross peopl rathergoof spotgenderi wa bitteach chines youngobtusealtogethgertrud entrancbalasko continuseem opposit1983 placemention enemiexpect standard climax,negative
feel real frenchmancharact made appearluridli possibleasinc indian bloodsoeverhit danish tvserimay think handicapexecut perfect joyexcel perform throughoutveri merchantivoriturn william wifemajor twist changduli note herzogalicia seem maturclariti volumlight novel firehenri orientcountrysid rather1940s60 howev wellshadow wa niceseem know guyright chicagowritten mickexperi racial prejudicnotic voic thisamuraisploitmitch kyle immedione entir seemback servic bond,negative
peoplether veri effecttraci anothfun politician onthcop land departshein person missguyana tragedi featurexpect rapeotherwis well crafthendrick haes dsireking root beercheek dialog skillworldimagin movi industriepisod pack season,negative
upheav latecompel view becaussick everi nightcharact attempt varigood team worksound bird frogemot delicdog travel oldlot time convincgay anyth wrongmatch wa likelibrarian fun actionallow go overboardinterview audiencversion donald pleasanckusturica movi bigchapter histori althoughairwolf wa compulsorilocat importantli charactchampionship regal starttwo malevol badmakeup worldbase neorealistspend sometim familiparticularli like twoscene scene realliscene durat wayfield wa good,negative
offici post traderbumbl companion drplayer without playermaguir suitablplay social contextpull tube stationchildren watch pokemonstyle humor placeoffic im gladleadership dueniec competupon master fightmake suprem effortsublim cast6th fantasiaheroin asylumpondth storylin,negative
tri use gianthorror toronto maplbellhop annoy antichapless patient abdomenclooneywho assumlevel still containusual drab imagclearli contain subtlvisual hot sexha releas limit,negative
studio yet realha realli glamorheartbreak part orderstabl famili relationshipaleck paulidespit lowbudget kentonwell handl despitmaxthatwasjunkblogspotcomreplac thi movimove horridimprison fireplaceicommand linegut chillstore bori requestdue hi subordinappel combin neilinclud clarktechnic directtell littl wayawkward rigid grabbleed latterthright benetbest onedeathstrung hidinner andrtime plotbuildhi proteg approprilead final commentye cheapli made,negative
publicist ghostwrithuman doe determinsens outcomroot watch soldierpictur wa actualincompet detectcoffin monke 1986horribl witchexclud three hiplay onli getshow hand stylelook poor actressim weakestyanonchudson good cantvictim violenc integrstori scotlandsort thing dreadromanc film actualplay santa claupressur fit loveactress play almosttomorrow peopl worstinterest wood fanquickli grab annknew second ramonye extramarit affairsenior shakespear classandersson unmistak stylesimilarli reboot wonder,negative
schmidt popular favorteen thereaboutcombin plot kingverdict virtual everimanag buffisubstanti subject matterpedant would allowsteven laurasubplot eastwood developmood loneli filminstead star born,negative
convey backreal impact storichase ram gopalquit perplex foundnever stopsthi filmrealiz stubbieveryon dvdcloak caus transformfianc wife infilmglobe emmionli milland,negative
song badg creamget care beareven plan partiassist discov facilasian horror isntmemori nowadayboy well mexicanusual neg commentlead anonymboy tell realregular germaneasier break consequthi kettl fillqualiti coenperfectli goestablish drake onereclaim landscreenth blendbind three1932 flowerseem negat purpos,negative
changeov hand wapast gateworthless film centrallane onli passengplace ill warevent act unknowntemporarili impoverish polishnave benefactorcost enjoy zanifiction willi spendalfr hitchcocktennirealli small casthowev good policgo alon worthuse champagn longlateth film chroniclknee front class1998 tape,negative
lull forgetmoviebut dontquiet thi feltantonia emilimani disgusthappier time soldiersurpris veri goodsexualityirenbodi grant reginaincarn foolishadvic columnist goehold fast takekeep encouragplansbiwa alreadi hilook henrithespian muscl keenworseexceptprison fixforc vs1977 srie noirrecommend810town accurperhap rose anifilm gladli defendpompou oafteach hospit quitback screen amiablpoint lot gotten,negative
best maybnumber tralala keepturn liverwurst blackpictur wa nevergurnemanz stage metropolitanflamboy arrogearli 70sitconstant sensatoutfit onli attractlook past formulaselfdestructionth world needmighti anchor ranchlong unmarritheyll learn truego play sizablrespect lowbudget horrorprobabl chase awaycharact would loveautumn spring plodlove dure americanheat forest firechaplin slapstick focussmadonna falllive togeth poorcave broad throughoutbeauti christophitalian cinema storylindvd pilot,negative
social muchglenbark krigone bitterpassion visual dramatpursuit perfectrussian come storiled substitutprais comment northlike machin beatrental prepar feelpott lisa zaneseem devicsunday carlthi tend actmood vincent casselstraightforward stori excelbed like evenjameson yeahfilm basic locathi countrywomancultur imparti veri,negative
scumbag politician cantvera walkaspect made previoulose lashteenag wa 19remain among highhi arrog feelbennetttypcarol dean parkperform lead sexicould pictur anyonmovi allow reflectcome midwayscar face innerdiffer face sufferplay guard hourdevelop stori wentfamili connecticut suburbpreachi anythmessag principl castveri good vonnegutgive tri waaccept experi,negative
awaken boarddocumentari son daughterfascin christoph nolansoulless thoughtlessaztec chasewithout purpos copiouleather origin releasmenac bill sikeexecut jumpdans macabr yearscene rival davidclassic ha paidtarget luckifront row leanface itevbraid wa accid,negative
understand remain favouritheat passion yettime protagonist radiotwo war endsex drug devoidhi duti taxgo philip takenhi third movistart bang staycleverbutfreight line todaydue wellwould appreci audienctype movi anoth,negative
heavenli section storisomewhat eccentr perhap810qualitiagent secretfunni time dolordone much origindisconnect bluerope mannerever sinc 1999anwant littl funmovi way joeburton henricontent sexual explicitcaliforniachrimr floppi flashbacksexplanationsvisubad catandmoustale ghostwrit songwritwa 1836 1854made crythi wonder,negative
part herzog breadcivilian etceye blackensubstanc substitutcoercivfilm identifi bad100 faith wayfirst wa mralmost ident twoconvolut killer identbeauti interior scenelarri talbot reallibehind pretti faceoveralthumb hi wifenotic evetraumat charact charactott screen dicksonget synch hitruebut lou liveroot realiti beginalway brilliant blendwoman ingeborg doesntawar jeff,negative
big citi veriexamin searcher 1956invest outcom citikill waynplace dian drugfuelspoil anyth plenticonfess fairnesspip grandfathspeech first meetnotic similar thipeopl look titluse torontoplanet ape briggnever explain exceptmovi channel saywant psyciatristwrite directinghbomaximum star powerdogvil fightaudio wa difficultcrap friend,negative
stori bless realizseri actressappar availstoraro pensivotherfor book authorexampl uplift gooddebut jame caanthick world takebore one minutwa kid 1960talk phone everbell poqufairbank colman flynnpugh local morticiantogeth unbeliev cutetriumph thi cartoondiffer matur differmismatch bunch smalltimcomin bayhappen grow whatevfrighten parentsthinavi back hiarditi waltz muchseasid resort capturwear sunglass nevertie aspect deadlistrike saddest figuruse onli absolutbegin vast factori,negative
third nursheart meanwhil himani peopl presentscreenwrit director robertlater woundstrength courag enablmillion citi_toy story_loy thi lastdirector deanhood wiseguy wannabunknown photograph baltimorcommun provid plentimind boggl idmention clip bosniaherzegovinaprofici isabel huppertbecaus view would,negative
learn hi quarrelkarmic sens howevgedrick son capturhear tradit openorigin italian jobsympathis mainconvey messag acrossforebod mountain dominkid need getfilm import goodweird cult burncontain import microfichhomer father inspirinferno mix songcrew carpethia pickhappen chroniclreal cult classicimposs happen applaudiniti attract graysontogeth becaus searchget drunk helpenamor hi backstagthi allstar flickturn nonetheless alsoattack payeveryth entertain filmfool jalalwa decreasregret day left,negative
motiv wonder artistbring home immedigreat old masterpiecstage atmospher alsotiffani chuckithird agethfind enjoy hourhill serv blaxploithope see geenamain heroin playclassic styleat endpossibl interest blackfind continu thinkplowright dame ediththemselv jaffa grownblacki irreplaclight dark setgive us truthfun film cheesileo fitzpatrick followkyousuk kanmuri shigerucross erectjane passion enough,negative
requisit happi endprior lovesieg waco warealist also providpeed greatsingoff personilliter age 20befor eye veriepisod thi caseyacht nextbartlebi check nearbichang gymmediocr titlmember petti needotherwis tri imagindavid suchet physicistmuseum strangbrown want tellbw106 min kid,negative
cant take simplistpygmi packaghope find curehavana meanwhilthi wonder widepick observ stationglimps hardship twokitti chribecaus would usesing toureven violenc sometimscene mildr telldifferentmor passiondramaagain anothmuch daylighttotal unabl writeaway today timedrag unfortun elderproduct valu negligwed newlimmm goodquotcd good,negative
cissimark seri returnwork jesucreep straight seriourepubl numberbecom actor evenwhi nossit wantcharact arc themebehind creditsto openrustic harmonilife end shortshock one rewritawar youngedit tremend commentaricycl somewhergame releasethi gameequal unfaithgraphic display youdsirk madefutur gradual seethi full propagandawoman quest makeexcellencesimplidislik film altogethcarri bodi embodiexpect georg luca,negative
product agre stagefiction show barehero howev herocrisi whose resolutgay soldier doeepisod daze remembrather sick wafilm edith piaflesbian bi tranusback overthrow,negative
matine serial timereveal relationship muchstrang calm weekentranc gloriou picturnightbre absolut mustdoesnt show signperfect make sensclark black manlove otherinsubstanc make averagleft parti rightwa huge disappointmentthgrow rhythm moviwa definit brilliantconcept justic creatindustri model watchzone episod everpump plate bloodinform anybodi els,negative
harmless sillitransform sequenc anithi cheap rentalattent bad dropdocumentari dont knowreason ha providcountrysid endlessjudgment could couldrealiti melbournknow much specifstudioswhichenhanc show creasicruelerif cant getwine lingonberri meanwhilwell nice dramathadapt plentishare experi goodpredica allboygreedi backbit nocountsceneri scari beautioccasion letterbox essentisketch nothroll charactstreet survivfloat away scenemenudoskip govinda movithi liabil asidlast three bossreal menac although,negative
alltoolifelik mannequinsomeon share lifeshot andrejew magnificwa suppos monetariwake startrun sometim lifetramp useusenet bittorranton mordrid mordridship familivariou murder sitethough blood violencgem britishforgotten deridrot sever armgo around himpollione scott knowworldgrow boy rebelspecif advertis dvdtale donald crowhurtssplay eliglegendari bullfightturn away gatebarest minimum let,negative
valu becaus donthonest philosophipicturelack unnaturkid well mainlibetter current daycertainli wont winweek week davidsong therefor makegerman also toldfilm addit technichell crack oscarclose stay walot joy write,negative
bealerosi holotikwhonephew makealmost noisesimageri referromant dialog scenewould chang olderromanc stone indianabad lydia reedwell creativ soulsorri geoffrey rushthink becaus scriptpretti raunchi joke,negative
instead tri addwork big storiambigu leav audiencsun enchantuse recreat reflectnossit realroleon greatest scenethi stuck headsweet instead dumbcase severwa masterpiec evenwhoopi goldberg hacamera recruitlike derek hallucincast rare actorknow thi unpopularbad expletgener would likedrop microphon seentough realist poetictask tell storipc africanamerican mightknow laura,negative
juici littl tidbitleav beauti mistressoveral new yorktypfun sovietsometim like schemeasterix stori everha ever enigmathowev awkward intimacimonoth wa meantworld better placemireal hero hiha ever lastlack first viewingtherisnt donald sutherlandconfid wa greatlead georgratingdaghangway even militshow even crackala howevreveng ambiti hamletlook whole indilater watch variouhire peter meremblumnumber teamdessai cinemaaim prote sexualline sleep carbreathtak cinematographi gretamovi nietzsch famou,negative
probabl unfairnote play othellosweden denemark maybwant dracula charactdeath sequenc bestsmalltown schoolteachsurprisingli anywaydad take hiwilson part topknowledg cinemagoersmdress extrastamp tonesong thereforeverybodi punishunquestion masterpiec levelhitler sufferrelationship apartlose theyr,negative
pin child playtale mysterigb wroteanyth els lastindict medicdaysenior high schoolgun heavi machinhead somewher onecharact longer distinctparad firstclassbeliev compil unknowncontradict say thiive felt rupertheadstrong impetu sleuthhand slimismith veteran actorhi son husbandmurphi got hiamus cunningham muchador needguy peggi soonseen list quitungerjackstill stand uniqugiant slug,negative
futur power intuitwatch pretti niceconcern blackfantast disturb hilarilike someon attachsoundtrack magnific sigurvd commercielev walkwayirksom thi howevrelat thingador film harebellion hi musicactionshowevbook grown melbournrodriguez alwaygave bondha dieter returnheart time watch,negative
offthewal moment straitjacketsimplest situat viewerviewer wont botherleav ponder afterwardobviouslyknew would chancperson reason spendfilm grasp everibooz hit manattack biggerhanger thatand80 atlanta stardebut watch thitravel tardi disguiswesternsomconcentr camp wadespic charact waled sadli mediocrreach deeperchemistri commun twosight moonwonder perform knockhear man hacatchi lyric guitarsay howweird pieclast point camecharl lee rayairpres becom lateold question realselfreal seem,negative
movi even theaterface detectgrasp pullmiseri horrorengross piec journalpremis optfinal word filmone hi busibrave deepliclutter home scenesmell lancthrown movi sixteenkitsch levelespeci wean batmanhardcor scene makeembodi 7yearoldattempt enter fightbratz aka slutzbeliev movi provid,negative
wouldnt told susanway stori fullihatr humilishadix suspectlincoln speech lincolnsmall becaus doesntharvey ha convincdone avoid censorshiptrendsett oshii hapoint like bittersweetcultur eventu uncompromisindel delight morrisssummertim manibecom artist writerfind laugh oncreservationshowmoment tape continularg shipbuild siteintent previous quotact amaz unselfish,negative
experi consid similarstar play seriousavageandsleev listenportray frit leadprais resthalf duo wallacrl snuflee great 70kirk beam findordinari peopl killcomplexann margaret,negative
extrem locatmarvel innocfavourit papillon pattonbutone talent comedisection storiserious otherwiscreat world sinkdepp thing turnlife drawn hilatin grard depardieuonlipper compliment remarkalthough eastwood hascene etc nothtruli timeless beautiwa add characttwo jealou friendcrew charactist resemblpictur professionflick done bitlocal cabl scifiact dennehi lowstori reel movirewardsthi documentari mustwell climact sceneweb corrupt takenreleas groupcheckcomputergener graphic advancivan desni becom,negative
simpli experienc moviegodougla adrian elisachanc tension secondlijune middl ageend stanwyck continusullivan seemingli colorlessha realli sweetmontana plain bernsenmove everyon tearathol fugardthi take crucialdescrib direct hellpistol recordfilm intellig filmciti bid nextgrow young menwa concern glenn,negative
ani movi playcanon brought lumppure passion desircaus say anythmovies8 star verimichaela mrvikovaseriou trialform cool worldintrigu experi littllondon figur wouldwell within limitthroat lot wicktender tragichi girl veronikacomic form chaoknow negotibegin dahmerintens affairwhich couldmilitari train filmmacarthur sr stuckbritish transvestit,negative
make great twopacktelkovskiglenrowan goe showstill work towardthink shame vondirect hate onlidynam drug abusprotest anncarp diemmani organisationsdirector samueldonald sutherland adddepict violenc battlgave yetaction wacco texabecom familiar combinimmedi bladerunnmick makenecessari iceact bornunimpress one feelperson charact understandpark town completpolitician unfortun,negative
nation cultur standhollywood antilesbianrealiz fit soundtrackwood fingersqueez live stagelike obscen hairbalwould wrong reviewlife traci billdoe umpteeneffici modestkong film actionbring littl heartfeltdexter doesnt getbrother vow tellunjust good,negative
witti titlmuch didnt evenallout comedi farcpresenc would likeopinion like scrappinumber pitt guslproperti companimaid disguis endbest pictur nomineesthfilm debut provenuditi thi hollywoodonenot small grainuse felt wahi former schoolmatdog time musiccabl compani summaritubb ought getforeground backgroundstructurlove djnut scenelanguag nuditi everdriven menphonograph play onlidiseasesalmost love stori91101 tragedihappen red dustaway batwoman characthi apart jobthing katchafirend littl pat,negative
impecc workfirst veri entertainendur well successstephen reah donaldnarrat suppos deptheven one mankinder gentler nannisex everybodi especigood perform pazhong kong superstarget someon drive,negative
beauti wedplain use herdsex gore mustsomewhat negatdominoin endreaffirm oneenrag abusfool mani scenemoodi coastalburgad fantastnotch scriptquit afterward likeinstinct quay subverslifestyl exist lessdecorationlittl williameffect quit specialpictur movi starneed one goe300 vote givereleasedy see thilover wouldnttraci still playcostum wonder creationbruce ramsay martinha gotten involvobserv event abldisastr time manimerg actionconstant joy,negative
see romeoladiesfujiko rulesift much footagemot leav thinkorigin composerconductor tvha also cleverlimovi end famililovefriendshipsexdoe get tediouwasnt provepeopl entrancmoment later pristinsave reservoir dogchimp noth shortheard marlondutiesothspeech impedi may,negative
matter anywaya longstori plan killrole breakarea 1976 versionscope cartoon historiboob bite withoutclever creativ viewerothello could nevercatalogu songlove treasur hisubtl messag pleasantvillebutonc proud communcleverli entertainbring jamaican culturimag thi movieifinish brain donorfoolish enough getemmi stebbin joanzane handissu directorsuperman movi made,negative
reconcil babettchristi ran 177give momentweep ponderdvd bonu featurhospitalamo bungl caustoward endmr ironbreakout wwedont iren audiencearli part 1900sfastwardtwist make charactimo succebother veri funnilittl bit overactleigh starinterest incid atlantright said lotcout delive vhheat oz gundammay anoth planet,negative
wrong mgmunsurpass suspens consisthilariousespeciprofus specialherd horsindividu strengthgruesom disturb creasitire blow couplhappi carefre periodlightli onliban code listjolt deeprealiti contemplplay dave grohlbit slow overlisupernatur quit simplilife real humansimplic charact storibro direct newneed daddi alienbecaus pfieffer keatonconsid paradis massago wa mesmersee dramat scene,negative
never heard directorlife intend eliminjob holmtoth beauti thidownbeat viewcaught hi loyaltitypic mindsetisnt realli drugtell movi veribest disney animheadstahlmight extraordinari makemake creativ voicviewer requir letaudienc shrill literconvolut plot sufficiadvic futurreal portray ugliking 12 actualplay veri smartworthi addit qualiticomedydrama yefoot powerwhiff viewer findjewel ymcasongeffort given nakenumskul madelike insid live,negative
everyth fairli realizdaddi like jadaryanancome underneathtime see jimachiev requirplan 10laugh hardestadult life influenceleg oddlevi unfortun bestrealli credit carlthink emma perfectfate would horriganclassic album watchstun horror filmsituat szifron hitrailer reel,negative
adventur cant understandcharact studi cassibecaus captur welltake place plotdetail nail redsuccess great sergioflick decent actorgreat stori storipick evencinema couldnt helpbore unless alreadi,negative
realli fall anidont thrownloyalti complex aniok julia stilehammer began fadepuzzl reveal brownstonclassic serialstart die couplmuslim council rathersecond partthglimmer costum thoughtwa quit excitingon,negative
aunt bee mothernon sens situatromanc roger sistercharact becki playamidst hapless adventurpegleg lloydsocial commit fridayfaraway remot placeflaw honest terriblaltman getsad downbeatspot thi keep,negative
product designsth supremever famili werentcello wa verishot juxtaposit appearstay hell getrest hope thimuch launchwaterfallwhichrest crazimaker busi womansoon andreaoutright stun gopunk kid whodavoid pay heftiexcept close musicwhatmuch clever plottalent men likecreep stoproad great combinboat sheenmade highqualhelp grasp plotitshow next familiepisod around repackag,negative
less memor performsad 70warrior one earliestforget differ layerknock film manioper drink problemexorc actorgem writerstunt lifeforc featurlike pass handcomedi revamp contemporarieffect rubbish horribllotit catandmous storinight need lockther reason whione raptnowaday becam muchbrother orlockmistreat illegitimdisgust new nicething thi gemthwatch catherindebuti admitweek revolv aroundlimit tradit,negative
starewicz wa interestsent topplfelt crap varisymbol even sorrowexam pass timeexpand stori thoughmarley shelton greatseen demolitionistshyliastoundingli right feelcours thi probablfind move enoughseen act amazsimpli maybhi dialogu drivenguess suppos feelpart 1934 likegiven fracturretitl partnerafghan schoolchildren exildie battl considdress young girlkitti may placecolumbia mogulreport holli refusimdb roommat surmisground look azariainterest cut bigstar hollow show,negative
last noisextrem foulmouth rocksomeon put blatantsaucer led commandeverybodi abl thinkthink moment withoutseat final struckandrew protagoniststrong perform maniprofanityfil movi todayone bestbut delvpictur actual basehuman viewpoint easilimate hartcome top everibest disjointsymphoni orchestra georgperhap convers pacecentralhelen burnsoldier top notchachiev imagconsequ thi sortcatalog arrivjame bond goldfingdominick mental slowstaid paceway mani thingdirect thi tidi,negative
life natur worldregard cast becauswidow becomput rest episodhelp return nickstrand deepshort stori waypeopl gave reviewcourtroom evenold miser somethshort fun musiclook whole newhumor doe seemmuchbustpath end happymroveral movi recommendbasic stereotyp,negative
drop outh accompaniinterview extrashey distributorchip punish stephenaudaci suprem wisecoxsuckcircumst strangcarri hi thankless1935 aggress francshortli parrishenerget plutode franc seducwannab pulp fictionjump onto ladder,negative
nation rebuildtv veteran charlcraig sheffer disjointbother point madesoldier kiranevolv satisfiturn ivan dragoscript writer brianwilli psychologist holdseem find anywherunfortun yestragfox take rolemuchmalign critic wanoth hydeblood eerierspecif man needspeech gotthing equal untooldfemallook star bridgfeatur collectnotch also doesntbase absolut charm,negative
due explicit potentiviewingwhi major companiformula life leftamaz thi firstmysteri reclusvirgin pretenstime around blackaddstudio imploddysfunct brunojustcombin militarist musicbecausstart thought cheesiambush savevietnam aerial viewdamionangel pilot crew,negative
screen minor thingman luca wouldend know guyree surround scottportray hardcorrealli game gamepeopl interrogputupon boss tonilongest day greenambush wealthitucso haarm fertilmade tough violent,negative
ultim leav bareprofessor read thioh well wouldvillag coupl janinclud sentimentkappa tau charactfocus mostli relattwenti makeup worldperform kind hongthunder bolt afroamericanbrecht polit realitipleasantvillesqu,negative
hous cheadldoesnt love sissyhdefinit feel fredeuropean heartlandvisionari philadelphiaalway like seangenr first timegriev doe superblassist need moviscene pivotstepmoth see opinionplenti bethi love gonenew sport carphotograph hidden industrihome caridoubt auteurchoppi like mightmovi sophiaasset despit restraintthu synthesiwa solid actor,negative
